http://dartmouth.smartcatalogiq.com/current/orc/Departments-Programs-Undergraduate/African-and-African-American-Studies/AAAS-African-and-African-American-Studies
http://dartmouth.smartcatalogiq.com/current/orc/Departments-Programs-Undergraduate/Anthropology/ANTH-Anthropology
http://dartmouth.smartcatalogiq.com/current/orc/Departments-Programs-Undergraduate/Art-History/ARTH-Art-History
http://dartmouth.smartcatalogiq.com/current/orc/Departments-Programs-Undergraduate/Asian-Societies-Cultures-and-Languages/ASCL-Asian-Societies-Cultures-and-Languages
http://dartmouth.smartcatalogiq.com/current/orc/Departments-Programs-Undergraduate/Asian-Societies-Cultures-and-Languages/CHIN-Chinese
http://dartmouth.smartcatalogiq.com/current/orc/Departments-Programs-Undergraduate/Asian-Societies-Cultures-and-Languages/JAPN-Japanese
http://dartmouth.smartcatalogiq.com/current/orc/Departments-Programs-Undergraduate/Biological-Sciences/BIOL-Biological-Sciences-Undergraduate
http://dartmouth.smartcatalogiq.com/current/orc/Departments-Programs-Undergraduate/Chemistry/CHEM-Chemistry-Undergraduate
http://dartmouth.smartcatalogiq.com/current/orc/Departments-Programs-Undergraduate/Classics-Classical-Studies-Greek-Latin/CLST-Classical-Studies
http://dartmouth.smartcatalogiq.com/current/orc/Departments-Programs-Undergraduate/Classics-Classical-Studies-Greek-Latin/GRK-Greek
http://dartmouth.smartcatalogiq.com/current/orc/Departments-Programs-Undergraduate/Classics-Classical-Studies-Greek-Latin/LAT-Latin
http://dartmouth.smartcatalogiq.com/current/orc/Departments-Programs-Undergraduate/Cognitive-Science/COGS-Cognitive-Science
http://dartmouth.smartcatalogiq.com/current/orc/Departments-Programs-Undergraduate/College-Courses/COCO-College-Courses
http://dartmouth.smartcatalogiq.com/en/current/orc/Departments-Programs-Undergraduate/Computer-Science/COSC-Computer-Science-Undergraduate
http://dartmouth.smartcatalogiq.com/current/orc/Departments-Programs-Undergraduate/Comparative-Literature/COLT-Comparative-Literature-Undergraduate
http://dartmouth.smartcatalogiq.com/current/orc/Departments-Programs-Undergraduate/The-John-Sloan-Dickey-Center-For-International-Understanding/International-Studies-Minor/INTS-International-Studies
http://dartmouth.smartcatalogiq.com/current/orc/Departments-Programs-Undergraduate/Earth-Sciences/EARS-Earth-Sciences-Undergraduate
http://dartmouth.smartcatalogiq.com/current/orc/Departments-Programs-Undergraduate/Economics/ECON-Economics
http://dartmouth.smartcatalogiq.com/current/orc/Departments-Programs-Undergraduate/Education/EDUC-Education
http://dartmouth.smartcatalogiq.com/current/orc/Departments-Programs-Undergraduate/Engineering-Sciences/ENGS-Engineering-Sciences-Undergraduate
http://dartmouth.smartcatalogiq.com/current/orc/Departments-Programs-Undergraduate/English-and-Creative-Writing/ENGL-and-CRWT-English-and-Creative-Writing-Courses
http://dartmouth.smartcatalogiq.com/current/orc/Departments-Programs-Undergraduate/Environmental-Studies-Program/ENVS-Environmental-Studies
http://dartmouth.smartcatalogiq.com/current/orc/Departments-Programs-Undergraduate/Film-and-Media-Studies/FILM-Film-and-Media-Studies
http://dartmouth.smartcatalogiq.com/current/orc/Departments-Programs-Undergraduate/French-and-Italian-Languages-and-Literatures/FREN-French
http://dartmouth.smartcatalogiq.com/current/orc/Departments-Programs-Undergraduate/French-and-Italian-Languages-and-Literatures/FRIT-French-and-Italian-in-Translation
http://dartmouth.smartcatalogiq.com/current/orc/Departments-Programs-Undergraduate/French-and-Italian-Languages-and-Literatures/ITAL-Italian
http://dartmouth.smartcatalogiq.com/current/orc/Departments-Programs-Undergraduate/Geography/GEOG-Geography
http://dartmouth.smartcatalogiq.com/current/orc/Departments-Programs-Undergraduate/German-Studies/GERM-German-Studies
http://dartmouth.smartcatalogiq.com/current/orc/Departments-Programs-Undergraduate/Government/GOVT-Government
http://dartmouth.smartcatalogiq.com/current/orc/Departments-Programs-Undergraduate/History/HIST-History
http://dartmouth.smartcatalogiq.com/current/orc/Departments-Programs-Undergraduate/Humanities/HUM-Humanities
http://dartmouth.smartcatalogiq.com/current/orc/Departments-Programs-Undergraduate/Jewish-Studies/JWST-Jewish-Studies
http://dartmouth.smartcatalogiq.com/current/orc/Departments-Programs-Undergraduate/Latin-American-Latino-and-Caribbean-Studies/LACS-Latin-American-and-Caribbean-Studies
http://dartmouth.smartcatalogiq.com/current/orc/Departments-Programs-Undergraduate/Latin-American-Latino-and-Caribbean-Studies/LATS-Latino-Studies
http://dartmouth.smartcatalogiq.com/current/orc/Departments-Programs-Undergraduate/Linguistics/LING-Linguistics
http://dartmouth.smartcatalogiq.com/current/orc/Departments-Programs-Undergraduate/Mathematics/MATH-Mathematics-Undergraduate
http://dartmouth.smartcatalogiq.com/current/orc/Departments-Programs-Undergraduate/Middle-Eastern-Studies/HEBR-Hebrew
http://dartmouth.smartcatalogiq.com/current/orc/Departments-Programs-Undergraduate/Middle-Eastern-Studies/ARAB-Arabic
http://dartmouth.smartcatalogiq.com/current/orc/Departments-Programs-Undergraduate/Middle-Eastern-Studies/MES-Middle-Eastern-Studies
http://dartmouth.smartcatalogiq.com/current/orc/Departments-Programs-Undergraduate/Native-American-and-Indigenous-Studies/NAS-Native-American-Studies
http://dartmouth.smartcatalogiq.com/current/orc/Departments-Programs-Undergraduate/Philosophy/PHIL-Philosophy
http://dartmouth.smartcatalogiq.com/current/orc/Departments-Programs-Undergraduate/Physics-and-Astronomy/ASTR-Astronomy-Undergraduate
http://dartmouth.smartcatalogiq.com/current/orc/Departments-Programs-Undergraduate/Physics-and-Astronomy/PHYS-Physics-Undergraduate
http://dartmouth.smartcatalogiq.com/current/orc/Departments-Programs-Undergraduate/Psychological-and-Brain-Sciences/PSYC-Psychological-and-Brain-Sciences
http://dartmouth.smartcatalogiq.com/current/orc/Departments-Programs-Undergraduate/Quantitative-Social-Science/QSS-Quantitative-Social-Sciences
http://dartmouth.smartcatalogiq.com/current/orc/Departments-Programs-Undergraduate/The-Nelson-A-Rockefeller-Center-for-Public-Policy/Public-Policy-Minor/PBPL-Public-Policy
http://dartmouth.smartcatalogiq.com/current/orc/Departments-Programs-Undergraduate/Religion/REL-Religion/Introductory-Courses
http://dartmouth.smartcatalogiq.com/current/orc/Departments-Programs-Undergraduate/Religion/REL-Religion/Theories-in-the-Study-of-Religion-Courses
http://dartmouth.smartcatalogiq.com/current/orc/Departments-Programs-Undergraduate/Religion/REL-Religion/Intermediate-Courses
http://dartmouth.smartcatalogiq.com/current/orc/Departments-Programs-Undergraduate/Religion/REL-Religion/Advanced-Courses
http://dartmouth.smartcatalogiq.com/current/orc/Departments-Programs-Undergraduate/Russian-Language-and-Literature/RUSS-Russian-Language-and-Literature
http://dartmouth.smartcatalogiq.com/current/orc/Departments-Programs-Undergraduate/Sociology/SOCY-Sociology
http://dartmouth.smartcatalogiq.com/current/orc/Departments-Programs-Undergraduate/Spanish-and-Portuguese-Languages-and-Literatures/SPAN-Spanish
http://dartmouth.smartcatalogiq.com/current/orc/Departments-Programs-Undergraduate/Spanish-and-Portuguese-Languages-and-Literatures/PORT-Portuguese
http://dartmouth.smartcatalogiq.com/current/orc/Departments-Programs-Undergraduate/Studio-Art/SART-Studio-Art
http://dartmouth.smartcatalogiq.com/current/orc/Departments-Programs-Undergraduate/Theater/THEA-Theater
http://dartmouth.smartcatalogiq.com/current/orc/Departments-Programs-Undergraduate/Tuck-Undergraduate/TUCK-Tuck-Undergraduate
http://dartmouth.smartcatalogiq.com/current/orc/Departments-Programs-Undergraduate/Womens-Gender-and-Sexualities-Studies-Program/WGSS-Womens-Gender-and-Sexualities-Studies
http://dartmouth.smartcatalogiq.com/current/orc/Departments-Programs-Undergraduate/Institute-for-Writing-and-Rhetoric/SPEE-Speech
http://dartmouth.smartcatalogiq.com/current/orc/Departments-Programs-Undergraduate/Institute-for-Writing-and-Rhetoric/WRIT-Writing
http://dartmouth.smartcatalogiq.com/current/orc/Departments-Programs-Undergraduate/Music/MUS-Music-Undergraduate-Courses/MUS-1-MUS-19
http://dartmouth.smartcatalogiq.com/current/orc/Departments-Programs-Undergraduate/Music/MUS-Music-Undergraduate-Courses/MUS-20-MUS-39
http://dartmouth.smartcatalogiq.com/current/orc/Departments-Programs-Undergraduate/Music/MUS-Music-Undergraduate-Courses/MUS-40-MUS-49
http://dartmouth.smartcatalogiq.com/current/orc/Departments-Programs-Undergraduate/Music/MUS-Music-Undergraduate-Courses/MUS-50-MUS-52
http://dartmouth.smartcatalogiq.com/current/orc/Departments-Programs-Undergraduate/Music/MUS-Music-Undergraduate-Courses/MUS-53-MUS-69-Individual-Instruction-Program
http://dartmouth.smartcatalogiq.com/current/orc/Departments-Programs-Undergraduate/Music/MUS-Music-Undergraduate-Courses/MUS-70-MUS-79-Foreign-Study-Courses
http://dartmouth.smartcatalogiq.com/current/orc/Departments-Programs-Undergraduate/Music/MUS-Music-Undergraduate-Courses/MUS-80-MUS-99
http://dartmouth.smartcatalogiq.com/current/orc/Departments-Programs-Undergraduate/Government/GOVT-Government/Introductory-Courses
http://dartmouth.smartcatalogiq.com/current/orc/Departments-Programs-Undergraduate/Government/GOVT-Government/Political-Analysis
http://dartmouth.smartcatalogiq.com/current/orc/Departments-Programs-Undergraduate/Government/GOVT-Government/Upper-Level-Courses-the-Cross-Subfields
http://dartmouth.smartcatalogiq.com/current/orc/Departments-Programs-Undergraduate/Government/GOVT-Government/American-Government
http://dartmouth.smartcatalogiq.com/current/orc/Departments-Programs-Undergraduate/Government/GOVT-Government/Comparative-Politics
http://dartmouth.smartcatalogiq.com/current/orc/Departments-Programs-Undergraduate/Government/GOVT-Government/International-Relations
http://dartmouth.smartcatalogiq.com/current/orc/Departments-Programs-Undergraduate/Government/GOVT-Government/Political-Theory-and-Public-Law
http://dartmouth.smartcatalogiq.com/current/orc/Departments-Programs-Undergraduate/Government/GOVT-Government/Advanced-Courses
http://dartmouth.smartcatalogiq.com/current/orc/Departments-Programs-Undergraduate/English-and-Creative-Writing/ENGL-and-CRWT-English-and-Creative-Writing-Courses/Section-I-Non-Major-Courses
http://dartmouth.smartcatalogiq.com/current/orc/Departments-Programs-Undergraduate/English-and-Creative-Writing/ENGL-and-CRWT-English-and-Creative-Writing-Courses/Section-II-Major-Courses
http://dartmouth.smartcatalogiq.com/current/orc/Departments-Programs-Undergraduate/English-and-Creative-Writing/ENGL-and-CRWT-English-and-Creative-Writing-Courses/Section-III-Special-Topics-Courses
http://dartmouth.smartcatalogiq.com/current/orc/Departments-Programs-Undergraduate/English-and-Creative-Writing/ENGL-and-CRWT-English-and-Creative-Writing-Courses/Section-IV-Junior-Colloquia
http://dartmouth.smartcatalogiq.com/current/orc/Departments-Programs-Undergraduate/English-and-Creative-Writing/ENGL-and-CRWT-English-and-Creative-Writing-Courses/Section-V-Senior-Seminars
http://dartmouth.smartcatalogiq.com/current/orc/Departments-Programs-Undergraduate/English-and-Creative-Writing/ENGL-and-CRWT-English-and-Creative-Writing-Courses/Section-VI-Creative-Writing/Intro-Creative-Writing-Courses
http://dartmouth.smartcatalogiq.com/current/orc/Departments-Programs-Undergraduate/English-and-Creative-Writing/ENGL-and-CRWT-English-and-Creative-Writing-Courses/Section-VI-Creative-Writing/Intermediate-Creative-Writing-Courses
http://dartmouth.smartcatalogiq.com/current/orc/Departments-Programs-Undergraduate/English-and-Creative-Writing/ENGL-and-CRWT-English-and-Creative-Writing-Courses/Section-VI-Creative-Writing/Advanced-Creative-Writing-Courses
http://dartmouth.smartcatalogiq.com/current/orc/Departments-Programs-Undergraduate/English-and-Creative-Writing/ENGL-and-CRWT-English-and-Creative-Writing-Courses/Section-VII-Foreign-Study-Courses
http://dartmouth.smartcatalogiq.com/current/orc/Departments-Programs-Undergraduate/English-and-Creative-Writing/ENGL-and-CRWT-English-and-Creative-Writing-Courses/Section-VIII-Independent-Study-and-Honors
